Job_Title,Required_Skills
Software Engineer,"Django, Java, MySQL, Linux, Machine Learning"
Data Scientist,"SQL, Git, JavaScript, Machine Learning, C++"
Web Developer,"Statistics, HTML, Django, Python, Networking"
Database Administrator,"Kubernetes, C++, Java, Flask, HTML"
System Administrator,"MySQL, SQL, Django, JavaScript, Docker"
Network Engineer,"C++, CSS, Flask, MySQL, Statistics"
DevOps Engineer,"Flask, React, CSS, JavaScript, Linux"
Machine Learning Engineer,"Java, Flask, C++, CSS, Data Analysis"
Front-End Developer,"React, Data Analysis, JavaScript, AWS, Django"
Back-End Developer,"SQL, JavaScript, React, CSS, Git"
Software Engineer,"React, Machine Learning, CSS, JavaScript, SQL"
Data Scientist,"SQL, CSS, Machine Learning, JavaScript, Kubernetes"
Web Developer,"MySQL, Docker, Networking, React, Kubernetes"
Database Administrator,"Data Analysis, Statistics, Python, Java, Linux"
System Administrator,"MySQL, CSS, C++, Java, HTML"
Network Engineer,"MySQL, AWS, SQL, Networking, HTML"
DevOps Engineer,"SQL, Flask, Git, AWS, Statistics"
Machine Learning Engineer,"Kubernetes, SQL, C++, Docker, CSS"
Front-End Developer,"SQL, HTML, MySQL, Python, Statistics"
Back-End Developer,"React, Git, Docker, SQL, Networking"
Software Engineer,"Git, Docker, Machine Learning, HTML, Java"
Data Scientist,"React, Machine Learning, MySQL, Docker, CSS"
Web Developer,"Machine Learning, Kubernetes, Flask, SQL, Java"
Database Administrator,"Python, Machine Learning, C++, Java, HTML"
System Administrator,"Docker, JavaScript, Flask, CSS, Networking"
Network Engineer,"Docker, Data Analysis, C++, Machine Learning, JavaScript"
DevOps Engineer,"Linux, Django, Statistics, Kubernetes, Data Analysis"
Machine Learning Engineer,"React, AWS, Python, Data Analysis, Flask"
Front-End Developer,"Data Analysis, Machine Learning, MySQL, Docker, HTML"
Back-End Developer,"React, Data Analysis, AWS, Flask, HTML"
Software Engineer,"Data Analysis, Python, AWS, Kubernetes, Networking"
Data Scientist,"AWS, Python, CSS, Docker, Linux"
Web Developer,"Linux, AWS, JavaScript, Statistics, Flask"
Database Administrator,"Flask, Linux, AWS, Django, CSS"
System Administrator,"AWS, React, MySQL, Docker, Python"
Network Engineer,"C++, CSS, Git, Docker, Kubernetes"
DevOps Engineer,"Flask, Docker, Kubernetes, Django, Data Analysis"
Machine Learning Engineer,"Java, Kubernetes, Django, JavaScript, Python"
Front-End Developer,"Kubernetes, Linux, CSS, Django, JavaScript"
Back-End Developer,"C++, Kubernetes, Docker, CSS, React"
Software Engineer,"Networking, MySQL, Docker, HTML, Linux"
Data Scientist,"Machine Learning, Data Analysis, Kubernetes, JavaScript, HTML"
Web Developer,"Python, Flask, AWS, Java, Linux"
Database Administrator,"Networking, JavaScript, MySQL, Kubernetes, CSS"
System Administrator,"AWS, Kubernetes, Networking, C++, CSS"
Network Engineer,"Statistics, Git, MySQL, C++, AWS"
DevOps Engineer,"Java, SQL, HTML, Machine Learning, MySQL"
Machine Learning Engineer,"Machine Learning, Kubernetes, Django, HTML, AWS"
Front-End Developer,"Java, Networking, CSS, React, Linux"
Back-End Developer,"Kubernetes, MySQL, Networking, JavaScript, Django"
Software Engineer,"AWS, Linux, Networking, Django, SQL"
Data Scientist,"Java, Statistics, AWS, C++, React"
Web Developer,"JavaScript, C++, HTML, Linux, Flask"
Database Administrator,"Python, Kubernetes, React, Flask, Linux"
System Administrator,"SQL, Docker, Flask, Data Analysis, Django"
Network Engineer,"HTML, MySQL, C++, Networking, Machine Learning"
DevOps Engineer,"CSS, Kubernetes, SQL, Git, Docker"
Machine Learning Engineer,"SQL, HTML, Python, JavaScript, Statistics"
Front-End Developer,"Git, Docker, Statistics, Data Analysis, React"
Back-End Developer,"C++, MySQL, HTML, Linux, Machine Learning"
Software Engineer,"Kubernetes, Flask, MySQL, Statistics, HTML"
Data Scientist,"JavaScript, Networking, Docker, Statistics, Python"
Web Developer,"Statistics, JavaScript, React, C++, Python"
Database Administrator,"AWS, HTML, Java, Networking, Docker"
System Administrator,"Networking, CSS, SQL, Data Analysis, React"
Network Engineer,"Machine Learning, Python, SQL, AWS, Statistics"
DevOps Engineer,"Java, Git, HTML, CSS, SQL"
Machine Learning Engineer,"Linux, Java, C++, Docker, HTML"
Front-End Developer,"Git, C++, Java, CSS, Kubernetes"
Back-End Developer,"Kubernetes, Git, Flask, React, C++"
Software Engineer,"JavaScript, AWS, Machine Learning, SQL, Data Analysis"
Data Scientist,"HTML, Kubernetes, CSS, React, AWS"
Web Developer,"Statistics, JavaScript, SQL, Networking, C++"
Database Administrator,"C++, Python, Data Analysis, Networking, MySQL"
System Administrator,"Python, Java, Flask, AWS, React"
Network Engineer,"Django, Data Analysis, Docker, HTML, Statistics"
DevOps Engineer,"Data Analysis, Networking, Git, JavaScript, AWS"
Machine Learning Engineer,"Kubernetes, Linux, Java, Git, Docker"
Front-End Developer,"MySQL, React, C++, Docker, Java"
Back-End Developer,"JavaScript, Kubernetes, Python, Django, Flask"
Software Engineer,"Flask, Docker, Statistics, Networking, Linux"
Data Scientist,"React, Linux, AWS, JavaScript, CSS"
Web Developer,"React, AWS, Kubernetes, Statistics, HTML"
Database Administrator,"Docker, Networking, Java, JavaScript, C++"
System Administrator,"JavaScript, React, AWS, SQL, Data Analysis"
Network Engineer,"Networking, Django, C++, Kubernetes, JavaScript"
DevOps Engineer,"Kubernetes, MySQL, Flask, C++, CSS"
Machine Learning Engineer,"C++, HTML, Java, CSS, Flask"
Front-End Developer,"JavaScript, Networking, Data Analysis, React, Linux"
Back-End Developer,"SQL, JavaScript, Statistics, Networking, Git"
Software Engineer,"Statistics, Flask, JavaScript, Git, Networking"
Data Scientist,"Data Analysis, AWS, SQL, React, JavaScript"
Web Developer,"CSS, Kubernetes, Linux, C++, Git"
Database Administrator,"Linux, JavaScript, Data Analysis, Machine Learning, Kubernetes"
System Administrator,"HTML, Machine Learning, Statistics, Flask, Java"
Network Engineer,"Statistics, Machine Learning, MySQL, JavaScript, Django"
DevOps Engineer,"Python, SQL, Linux, Django, Git"
Machine Learning Engineer,"Java, Docker, Flask, Kubernetes, Python"
Front-End Developer,"Linux, AWS, Python, Flask, SQL"
Back-End Developer,"Data Analysis, AWS, Kubernetes, Statistics, Python"
Software Engineer,"Flask, MySQL, Data Analysis, Django, Docker"
Data Scientist,"SQL, React, C++, Java, Machine Learning"
Web Developer,"Java, CSS, Flask, Statistics, SQL"
Database Administrator,"Django, Git, CSS, SQL, Linux"
System Administrator,"MySQL, Django, Git, Statistics, C++"
Network Engineer,"C++, Machine Learning, Docker, CSS, React"
DevOps Engineer,"Statistics, Networking, Linux, Data Analysis, HTML"
Machine Learning Engineer,"Docker, Machine Learning, Flask, SQL, Linux"
Front-End Developer,"React, MySQL, Python, Statistics, Linux"
Back-End Developer,"Statistics, Kubernetes, Linux, React, Flask"
Software Engineer,"HTML, Machine Learning, React, Data Analysis, Statistics"
Data Scientist,"SQL, CSS, Docker, Data Analysis, Kubernetes"
Web Developer,"C++, JavaScript, Git, SQL, Docker"
Database Administrator,"Kubernetes, Data Analysis, MySQL, Flask, Java"
System Administrator,"React, Statistics, Java, C++, MySQL"
Network Engineer,"Kubernetes, Git, Linux, Statistics, HTML"
DevOps Engineer,"Git, Networking, HTML, Docker, CSS"
Machine Learning Engineer,"Statistics, SQL, Linux, HTML, MySQL"
Front-End Developer,"JavaScript, Kubernetes, Docker, React, Java"
Back-End Developer,"CSS, Git, Machine Learning, Python, SQL"
Software Engineer,"Django, JavaScript, Networking, C++, CSS"
Data Scientist,"Data Analysis, AWS, CSS, Django, React"
Web Developer,"Docker, Python, Java, Kubernetes, React"
Database Administrator,"Kubernetes, CSS, HTML, Flask, Linux"
System Administrator,"Statistics, Git, SQL, Java, Machine Learning"
Network Engineer,"Networking, HTML, Flask, Java, Linux"
DevOps Engineer,"Docker, Data Analysis, Kubernetes, CSS, Flask"
Machine Learning Engineer,"JavaScript, CSS, AWS, Statistics, Linux"
Front-End Developer,"SQL, Kubernetes, AWS, JavaScript, Statistics"
Back-End Developer,"HTML, Kubernetes, SQL, C++, Statistics"
Software Engineer,"HTML, SQL, AWS, C++, Networking"
Data Scientist,"Kubernetes, JavaScript, React, Flask, HTML"
Web Developer,"Kubernetes, Data Analysis, MySQL, Networking, Python"
Database Administrator,"Machine Learning, Git, Flask, SQL, AWS"
System Administrator,"Flask, HTML, Git, Java, C++"
Network Engineer,"Django, JavaScript, C++, Java, AWS"
DevOps Engineer,"Flask, SQL, React, Linux, Docker"
Machine Learning Engineer,"C++, Linux, CSS, Python, HTML"
Front-End Developer,"JavaScript, Git, Kubernetes, Java, Statistics"
Back-End Developer,"Docker, JavaScript, AWS, Data Analysis, C++"
Software Engineer,"Kubernetes, Machine Learning, AWS, Java, Django"
Data Scientist,"Git, HTML, CSS, Networking, Django"
Web Developer,"Python, MySQL, AWS, Networking, JavaScript"
Database Administrator,"Data Analysis, HTML, Linux, JavaScript, Statistics"
System Administrator,"MySQL, Git, Linux, HTML, Kubernetes"
Network Engineer,"JavaScript, Networking, SQL, Kubernetes, Statistics"
DevOps Engineer,"MySQL, Docker, Django, Linux, CSS"
Machine Learning Engineer,"Java, Docker, Statistics, React, JavaScript"
Front-End Developer,"Git, Flask, Linux, Statistics, Machine Learning"
Back-End Developer,"Docker, Python, JavaScript, Machine Learning, Git"
Software Engineer,"C++, JavaScript, Docker, Django, Java"
Data Scientist,"SQL, JavaScript, Networking, Java, Git"
Web Developer,"SQL, Flask, C++, Statistics, Git"
Database Administrator,"Git, Statistics, Kubernetes, CSS, Java"
System Administrator,"Git, Kubernetes, React, Docker, AWS"
Network Engineer,"React, Git, Django, Flask, C++"
DevOps Engineer,"Kubernetes, Linux, JavaScript, Django, SQL"
Machine Learning Engineer,"MySQL, Statistics, Docker, React, Kubernetes"
Front-End Developer,"Java, Python, SQL, Statistics, Django"
Back-End Developer,"Networking, Kubernetes, HTML, Machine Learning, Java"
Software Engineer,"Machine Learning, HTML, Django, CSS, SQL"
Data Scientist,"CSS, Linux, Networking, C++, JavaScript"
Web Developer,"AWS, Networking, C++, Machine Learning, Python"
Database Administrator,"Git, Statistics, Linux, MySQL, Machine Learning"
System Administrator,"Kubernetes, JavaScript, CSS, Data Analysis, Flask"
Network Engineer,"Machine Learning, Data Analysis, Git, Kubernetes, Statistics"
DevOps Engineer,"React, SQL, Docker, MySQL, C++"
Machine Learning Engineer,"Kubernetes, AWS, MySQL, JavaScript, Networking"
Front-End Developer,"Django, Flask, SQL, C++, Machine Learning"
Back-End Developer,"Machine Learning, AWS, Kubernetes, Docker, C++"
Software Engineer,"Docker, Networking, Data Analysis, SQL, Java"
Data Scientist,"JavaScript, React, HTML, SQL, Docker"
Web Developer,"CSS, Docker, AWS, Python, Data Analysis"
Database Administrator,"Git, Kubernetes, React, Linux, AWS"
System Administrator,"AWS, Data Analysis, JavaScript, Flask, SQL"
Network Engineer,"HTML, JavaScript, Machine Learning, Git, Docker"
DevOps Engineer,"Java, Docker, Networking, C++, JavaScript"
Machine Learning Engineer,"Django, Linux, React, MySQL, Python"
Front-End Developer,"JavaScript, Flask, Git, Linux, CSS"
Back-End Developer,"Java, Flask, Linux, Git, Data Analysis"
Software Engineer,"Networking, Python, HTML, Machine Learning, Docker"
Data Scientist,"Docker, Networking, Linux, HTML, SQL"
Web Developer,"HTML, AWS, Python, JavaScript, Docker"
Database Administrator,"Data Analysis, Django, Networking, HTML, Git"
System Administrator,"React, Statistics, Python, MySQL, C++"
Network Engineer,"AWS, Docker, Statistics, Linux, Machine Learning"
DevOps Engineer,"C++, HTML, MySQL, Django, Java"
Machine Learning Engineer,"MySQL, JavaScript, React, Java, Docker"
Front-End Developer,"CSS, AWS, MySQL, Docker, Networking"
Back-End Developer,"CSS, Data Analysis, Django, Java, JavaScript"
Software Engineer,"C++, Flask, Docker, Python, Networking"
Data Scientist,"AWS, Git, Kubernetes, Networking, Python"
Web Developer,"Python, Flask, SQL, MySQL, CSS"
Database Administrator,"CSS, Docker, React, AWS, Java"
System Administrator,"Kubernetes, Data Analysis, Networking, AWS, C++"
Network Engineer,"MySQL, CSS, C++, React, JavaScript"
DevOps Engineer,"JavaScript, Django, CSS, SQL, Git"
Machine Learning Engineer,"Java, Docker, CSS, C++, Linux"
Front-End Developer,"Django, CSS, Python, HTML, SQL"
Back-End Developer,"MySQL, Java, Django, Statistics, Kubernetes"
Software Engineer,"C++, Python, Flask, CSS, AWS"
Data Scientist,"Statistics, AWS, Git, JavaScript, Machine Learning"
Web Developer,"C++, AWS, Machine Learning, Flask, CSS"
Database Administrator,"Java, SQL, React, Git, MySQL"
System Administrator,"SQL, Kubernetes, Python, Flask, HTML"
Network Engineer,"React, Linux, Data Analysis, MySQL, CSS"
DevOps Engineer,"React, MySQL, Flask, Git, Data Analysis"
Machine Learning Engineer,"Linux, HTML, Git, C++, Statistics"
Front-End Developer,"Flask, Statistics, Kubernetes, Java, React"
Back-End Developer,"Statistics, Kubernetes, JavaScript, Docker, HTML"
Software Engineer,"Linux, C++, Git, Python, Data Analysis"
Data Scientist,"Git, Linux, Docker, Flask, AWS"
Web Developer,"React, CSS, Linux, Machine Learning, Django"
Database Administrator,"Django, Docker, CSS, Flask, Kubernetes"
System Administrator,"Python, Networking, CSS, Statistics, Data Analysis"
Network Engineer,"Django, Java, Docker, Linux, SQL"
DevOps Engineer,"SQL, HTML, Java, C++, Networking"
Machine Learning Engineer,"Statistics, CSS, HTML, JavaScript, MySQL"
Front-End Developer,"Java, MySQL, AWS, Statistics, C++"
Back-End Developer,"Kubernetes, C++, HTML, Django, React"
Software Engineer,"SQL, Statistics, HTML, Machine Learning, Docker"
Data Scientist,"Git, CSS, AWS, Data Analysis, Java"
Web Developer,"AWS, Java, SQL, Networking, Django"
Database Administrator,"Git, MySQL, Linux, Networking, HTML"
System Administrator,"Python, JavaScript, Git, Machine Learning, Java"
Network Engineer,"JavaScript, Java, MySQL, Data Analysis, Django"
DevOps Engineer,"C++, MySQL, Git, Java, Flask"
Machine Learning Engineer,"Git, Kubernetes, CSS, Machine Learning, React"
Front-End Developer,"Docker, JavaScript, Python, Flask, Linux"
Back-End Developer,"Data Analysis, Machine Learning, AWS, Statistics, HTML"
Software Engineer,"Django, Machine Learning, Docker, Kubernetes, Statistics"
Data Scientist,"MySQL, Docker, Python, CSS, SQL"
Web Developer,"React, JavaScript, AWS, Python, MySQL"
Database Administrator,"AWS, Statistics, Networking, Python, Machine Learning"
System Administrator,"AWS, MySQL, CSS, Machine Learning, Flask"
Network Engineer,"JavaScript, HTML, Python, React, Linux"
DevOps Engineer,"MySQL, CSS, SQL, Data Analysis, Linux"
Machine Learning Engineer,"Flask, Kubernetes, Docker, Django, Data Analysis"
Front-End Developer,"MySQL, Git, Django, AWS, C++"
Back-End Developer,"HTML, Machine Learning, Data Analysis, Docker, React"
Software Engineer,"SQL, Flask, Django, Java, Git"
Data Scientist,"Java, CSS, C++, Linux, Python"
Web Developer,"Linux, Python, Flask, Git, Networking"
Database Administrator,"Git, Linux, Kubernetes, MySQL, Docker"
System Administrator,"HTML, Python, AWS, Java, JavaScript"
Network Engineer,"MySQL, AWS, Docker, Django, JavaScript"
DevOps Engineer,"Docker, Statistics, CSS, Machine Learning, AWS"
Machine Learning Engineer,"JavaScript, Machine Learning, Django, Kubernetes, Statistics"
Front-End Developer,"Python, AWS, Flask, Linux, Git"
Back-End Developer,"Flask, Python, Data Analysis, Kubernetes, CSS"
Software Engineer,"Java, React, SQL, HTML, Data Analysis"
Data Scientist,"AWS, Docker, Statistics, JavaScript, Flask"
Web Developer,"Networking, C++, Django, Python, Statistics"
Database Administrator,"SQL, Kubernetes, Git, Flask, C++"
System Administrator,"Data Analysis, Statistics, Python, SQL, HTML"
Network Engineer,"SQL, Flask, Docker, Kubernetes, React"
DevOps Engineer,"Flask, Data Analysis, MySQL, Kubernetes, Machine Learning"
Machine Learning Engineer,"React, C++, CSS, Statistics, Git"
Front-End Developer,"Statistics, Git, Networking, Kubernetes, Machine Learning"
Back-End Developer,"SQL, JavaScript, AWS, HTML, Networking"
Software Engineer,"Git, Docker, Data Analysis, SQL, HTML"
Data Scientist,"Statistics, Docker, React, AWS, Data Analysis"
Web Developer,"Django, CSS, Java, MySQL, C++"
Database Administrator,"Machine Learning, Python, Flask, React, Data Analysis"
System Administrator,"MySQL, C++, Flask, Django, Docker"
Network Engineer,"Django, AWS, MySQL, Python, Networking"
DevOps Engineer,"Git, AWS, Python, C++, Flask"
Machine Learning Engineer,"Statistics, AWS, Docker, Django, Python"
Front-End Developer,"MySQL, Data Analysis, SQL, Django, CSS"
Back-End Developer,"Java, MySQL, Git, Python, React"
Software Engineer,"Git, Docker, Networking, Java, Kubernetes"
Data Scientist,"Statistics, Docker, Flask, AWS, React"
Web Developer,"Docker, Flask, Git, Java, AWS"
Database Administrator,"HTML, Kubernetes, MySQL, Linux, SQL"
System Administrator,"Java, Linux, SQL, AWS, Git"
Network Engineer,"Django, Flask, Linux, AWS, React"
DevOps Engineer,"Django, React, Kubernetes, Flask, MySQL"
Machine Learning Engineer,"Linux, CSS, Docker, JavaScript, Git"
Front-End Developer,"Git, Networking, SQL, Statistics, Data Analysis"
Back-End Developer,"AWS, Statistics, HTML, Python, Docker"
Software Engineer,"C++, MySQL, AWS, Linux, Java"
Data Scientist,"C++, Kubernetes, JavaScript, Docker, Machine Learning"
Web Developer,"SQL, C++, Data Analysis, MySQL, Git"
Database Administrator,"Machine Learning, Statistics, JavaScript, SQL, Python"
System Administrator,"JavaScript, Django, Docker, HTML, Flask"
Network Engineer,"Flask, CSS, Statistics, Django, HTML"
DevOps Engineer,"Networking, Java, Kubernetes, Git, Linux"
Machine Learning Engineer,"Networking, JavaScript, SQL, Python, Java"
Front-End Developer,"Data Analysis, Python, HTML, Docker, JavaScript"
Back-End Developer,"Statistics, Docker, Git, MySQL, Python"
Software Engineer,"Flask, HTML, C++, Git, React"
Data Scientist,"MySQL, Docker, Flask, JavaScript, HTML"
Web Developer,"Data Analysis, Java, Linux, AWS, React"
Database Administrator,"Linux, Git, Networking, Kubernetes, SQL"
System Administrator,"CSS, HTML, Kubernetes, Python, Networking"
Network Engineer,"SQL, Flask, Java, Machine Learning, Statistics"
DevOps Engineer,"Flask, AWS, Linux, Java, React"
Machine Learning Engineer,"Statistics, Networking, C++, MySQL, SQL"
Front-End Developer,"AWS, MySQL, Data Analysis, HTML, JavaScript"
Back-End Developer,"Python, JavaScript, Git, MySQL, HTML"
Software Engineer,"Django, Kubernetes, Python, Statistics, SQL"
Data Scientist,"Java, Flask, CSS, AWS, SQL"
Web Developer,"JavaScript, CSS, AWS, Linux, Statistics"
Database Administrator,"Kubernetes, Python, Docker, SQL, Data Analysis"
System Administrator,"CSS, Kubernetes, Linux, Python, C++"
Network Engineer,"AWS, SQL, Machine Learning, Python, Java"
DevOps Engineer,"Data Analysis, AWS, Git, Machine Learning, JavaScript"
Machine Learning Engineer,"MySQL, Git, Networking, Java, JavaScript"
Front-End Developer,"Data Analysis, JavaScript, MySQL, Flask, SQL"
Back-End Developer,"JavaScript, C++, Flask, Statistics, Docker"
Software Engineer,"AWS, MySQL, Flask, Django, Statistics"
Data Scientist,"Linux, AWS, Docker, Machine Learning, MySQL"
Web Developer,"Statistics, Kubernetes, Git, Networking, SQL"
Database Administrator,"HTML, JavaScript, Java, SQL, Flask"
System Administrator,"Statistics, Java, Flask, CSS, Data Analysis"
Network Engineer,"JavaScript, CSS, Kubernetes, Docker, Linux"
DevOps Engineer,"MySQL, Statistics, CSS, React, Machine Learning"
Machine Learning Engineer,"Flask, React, MySQL, Git, Python"
Front-End Developer,"Statistics, Data Analysis, Django, React, Docker"
Back-End Developer,"Linux, Statistics, Networking, SQL, Git"
Software Engineer,"Flask, Networking, HTML, Django, Statistics"
Data Scientist,"Python, Data Analysis, MySQL, JavaScript, React"
Web Developer,"C++, MySQL, Flask, AWS, HTML"
Database Administrator,"Linux, Java, Data Analysis, Docker, AWS"
System Administrator,"Flask, JavaScript, CSS, Kubernetes, React"
Network Engineer,"Python, Java, Linux, C++, Git"
DevOps Engineer,"HTML, SQL, Java, Kubernetes, React"
Machine Learning Engineer,"React, HTML, Django, Docker, Python"
Front-End Developer,"C++, Git, Data Analysis, Linux, Machine Learning"
Back-End Developer,"Docker, C++, Git, React, SQL"
Software Engineer,"MySQL, AWS, Git, Docker, Kubernetes"
Data Scientist,"Kubernetes, JavaScript, MySQL, C++, AWS"
Web Developer,"Python, Data Analysis, Git, Networking, MySQL"
Database Administrator,"Networking, Python, Data Analysis, Java, CSS"
System Administrator,"Statistics, Python, Flask, Git, CSS"
Network Engineer,"SQL, Networking, Kubernetes, Data Analysis, React"
DevOps Engineer,"MySQL, Django, Java, Flask, AWS"
Machine Learning Engineer,"Django, Python, React, Git, SQL"
Front-End Developer,"Linux, C++, Flask, JavaScript, Machine Learning"
Back-End Developer,"Statistics, Data Analysis, MySQL, SQL, JavaScript"
Software Engineer,"Docker, Networking, Data Analysis, Kubernetes, Git"
Data Scientist,"JavaScript, Statistics, React, Data Analysis, Git"
Web Developer,"Kubernetes, Linux, Networking, AWS, Statistics"
Database Administrator,"Machine Learning, Python, Networking, Linux, Kubernetes"
System Administrator,"Machine Learning, Flask, HTML, JavaScript, Kubernetes"
Network Engineer,"CSS, C++, Kubernetes, JavaScript, Statistics"
DevOps Engineer,"Data Analysis, SQL, React, Java, Flask"
Machine Learning Engineer,"CSS, Data Analysis, AWS, React, Kubernetes"
Front-End Developer,"CSS, HTML, Docker, AWS, Networking"
Back-End Developer,"Networking, MySQL, Linux, SQL, Data Analysis"
Software Engineer,"Statistics, Django, Data Analysis, Java, React"
Data Scientist,"Networking, AWS, SQL, Django, Docker"
Web Developer,"Django, MySQL, Networking, Kubernetes, Git"
Database Administrator,"Java, Django, Linux, Kubernetes, Machine Learning"
System Administrator,"Kubernetes, Machine Learning, Python, HTML, MySQL"
Network Engineer,"HTML, Data Analysis, React, Django, CSS"
DevOps Engineer,"Git, JavaScript, CSS, AWS, Django"
Machine Learning Engineer,"HTML, MySQL, Data Analysis, AWS, Java"
Front-End Developer,"Java, CSS, Python, Machine Learning, C++"
Back-End Developer,"Java, Statistics, Docker, Git, Django"
Software Engineer,"Docker, Kubernetes, Git, AWS, Machine Learning"
Data Scientist,"AWS, C++, Java, Flask, Git"
Web Developer,"Data Analysis, SQL, Linux, Docker, Machine Learning"
Database Administrator,"JavaScript, React, Linux, Git, HTML"
System Administrator,"Java, Machine Learning, SQL, C++, Python"
Network Engineer,"Flask, MySQL, Docker, Git, Kubernetes"
DevOps Engineer,"JavaScript, Data Analysis, Git, Docker, MySQL"
Machine Learning Engineer,"React, Git, Django, Java, Networking"
Front-End Developer,"Data Analysis, SQL, MySQL, HTML, Machine Learning"
Back-End Developer,"CSS, Git, Python, HTML, Networking"
Software Engineer,"React, Django, Python, Kubernetes, Statistics"
Data Scientist,"Machine Learning, Git, CSS, HTML, React"
Web Developer,"Django, C++, Linux, JavaScript, Python"
Database Administrator,"Statistics, SQL, Python, JavaScript, Flask"
System Administrator,"Java, Data Analysis, HTML, Networking, Machine Learning"
Network Engineer,"HTML, JavaScript, AWS, Statistics, Git"
DevOps Engineer,"Kubernetes, Data Analysis, Django, Java, HTML"
Machine Learning Engineer,"Git, Django, Python, Flask, SQL"
Front-End Developer,"MySQL, Statistics, Networking, Docker, SQL"
Back-End Developer,"Java, CSS, MySQL, Data Analysis, Docker"
Software Engineer,"Networking, Data Analysis, CSS, Statistics, Git"
Data Scientist,"AWS, React, CSS, Java, Docker"
Web Developer,"Docker, SQL, Linux, Statistics, MySQL"
Database Administrator,"Networking, Kubernetes, MySQL, Flask, Django"
System Administrator,"Networking, Docker, Machine Learning, Git, Kubernetes"
Network Engineer,"Linux, Git, HTML, Django, Data Analysis"
DevOps Engineer,"Statistics, Networking, Linux, Docker, React"
Machine Learning Engineer,"CSS, JavaScript, HTML, Docker, Kubernetes"
Front-End Developer,"Flask, Statistics, C++, Docker, Linux"
Back-End Developer,"MySQL, Django, React, HTML, Machine Learning"
Software Engineer,"Java, Statistics, Machine Learning, MySQL, Linux"
Data Scientist,"HTML, JavaScript, Docker, Flask, AWS"
Web Developer,"Git, React, JavaScript, Java, CSS"
Database Administrator,"Docker, AWS, HTML, Java, Python"
System Administrator,"Git, Networking, Java, C++, AWS"
Network Engineer,"C++, Kubernetes, MySQL, SQL, React"
DevOps Engineer,"MySQL, Machine Learning, Kubernetes, Java, C++"
Machine Learning Engineer,"HTML, Statistics, Flask, Java, AWS"
Front-End Developer,"Networking, React, Docker, CSS, Statistics"
Back-End Developer,"HTML, Flask, Data Analysis, Networking, Git"
Software Engineer,"Django, Python, Git, SQL, HTML"
Data Scientist,"MySQL, Data Analysis, Flask, SQL, C++"
Web Developer,"Docker, Python, HTML, AWS, Java"
Database Administrator,"React, SQL, Docker, MySQL, Python"
System Administrator,"Docker, Python, Git, Statistics, Django"
Network Engineer,"Python, CSS, Flask, C++, Networking"
DevOps Engineer,"Linux, Django, Machine Learning, CSS, Docker"
Machine Learning Engineer,"Python, Flask, MySQL, Git, CSS"
Front-End Developer,"MySQL, Linux, Data Analysis, CSS, React"
Back-End Developer,"C++, Machine Learning, CSS, Flask, MySQL"
Software Engineer,"Data Analysis, SQL, Docker, Flask, React"
Data Scientist,"Django, CSS, Git, Kubernetes, Java"
Web Developer,"Networking, Git, Python, SQL, Linux"
Database Administrator,"Git, Linux, Machine Learning, Networking, Flask"
System Administrator,"Python, Statistics, React, AWS, Docker"
Network Engineer,"Python, Machine Learning, Data Analysis, Flask, Statistics"
DevOps Engineer,"Linux, Python, React, Machine Learning, Kubernetes"
Machine Learning Engineer,"C++, Git, Machine Learning, Python, Django"
Front-End Developer,"Statistics, Kubernetes, Java, Data Analysis, Docker"
Back-End Developer,"Python, Kubernetes, Data Analysis, Git, Flask"
Software Engineer,"Docker, C++, Statistics, Java, Data Analysis"
Data Scientist,"Machine Learning, Django, Kubernetes, Docker, CSS"
Web Developer,"Flask, Linux, Python, Kubernetes, Statistics"
Database Administrator,"Machine Learning, Flask, Docker, SQL, HTML"
System Administrator,"Linux, Java, Flask, CSS, Docker"
Network Engineer,"CSS, AWS, Kubernetes, Flask, Networking"
DevOps Engineer,"Java, Statistics, CSS, React, Git"
Machine Learning Engineer,"Docker, Networking, AWS, Flask, SQL"
Front-End Developer,"SQL, Django, CSS, Flask, JavaScript"
Back-End Developer,"React, MySQL, AWS, Linux, Kubernetes"
Software Engineer,"JavaScript, Python, Data Analysis, Kubernetes, CSS"
Data Scientist,"Kubernetes, AWS, Python, C++, Statistics"
Web Developer,"Git, Java, Networking, C++, SQL"
Database Administrator,"C++, SQL, Data Analysis, CSS, AWS"
System Administrator,"AWS, React, HTML, Data Analysis, JavaScript"
Network Engineer,"Flask, Kubernetes, JavaScript, SQL, Java"
DevOps Engineer,"CSS, MySQL, C++, Kubernetes, HTML"
Machine Learning Engineer,"Statistics, Python, AWS, HTML, React"
Front-End Developer,"Linux, Networking, Data Analysis, JavaScript, AWS"
Back-End Developer,"Linux, Statistics, C++, Git, MySQL"
Software Engineer,"Networking, Python, CSS, Docker, Statistics"
Data Scientist,"Django, Machine Learning, Statistics, MySQL, CSS"
Web Developer,"JavaScript, Kubernetes, React, AWS, CSS"
Database Administrator,"Networking, AWS, SQL, Linux, Statistics"
System Administrator,"Java, CSS, Docker, Python, Kubernetes"
Network Engineer,"Flask, Kubernetes, Git, React, HTML"
DevOps Engineer,"Java, Git, Networking, Statistics, Django"
Machine Learning Engineer,"JavaScript, Git, Kubernetes, HTML, CSS"
Front-End Developer,"C++, Docker, Networking, JavaScript, HTML"
Back-End Developer,"React, Django, Git, Data Analysis, Machine Learning"
Software Engineer,"Git, Python, C++, MySQL, Statistics"
Data Scientist,"C++, React, Flask, Networking, Linux"
Web Developer,"C++, Java, JavaScript, Docker, CSS"
Database Administrator,"Kubernetes, Networking, Statistics, Docker, HTML"
System Administrator,"Flask, Data Analysis, AWS, SQL, MySQL"
Network Engineer,"Machine Learning, Flask, Docker, Django, MySQL"
DevOps Engineer,"Networking, Docker, Python, Git, C++"
Machine Learning Engineer,"Docker, SQL, Flask, MySQL, Django"
Front-End Developer,"Kubernetes, AWS, Statistics, HTML, SQL"
Back-End Developer,"Machine Learning, React, AWS, MySQL, HTML"
Software Engineer,"Java, Django, Docker, Linux, Statistics"
Data Scientist,"Git, JavaScript, Linux, Kubernetes, React"
Web Developer,"Networking, Kubernetes, CSS, Java, AWS"
Database Administrator,"Django, Statistics, Python, Java, C++"
System Administrator,"Java, Git, Statistics, MySQL, HTML"
Network Engineer,"C++, Networking, MySQL, Docker, Flask"
DevOps Engineer,"Statistics, React, JavaScript, CSS, SQL"
Machine Learning Engineer,"AWS, SQL, Kubernetes, Java, CSS"
Front-End Developer,"Machine Learning, CSS, Python, Git, Data Analysis"
Back-End Developer,"CSS, Docker, HTML, Java, Linux"
Software Engineer,"MySQL, Flask, C++, SQL, Python"
Data Scientist,"Data Analysis, CSS, Flask, Java, Networking"
Web Developer,"C++, Statistics, Kubernetes, HTML, Flask"
Database Administrator,"Git, Machine Learning, Networking, Linux, React"
System Administrator,"SQL, Kubernetes, JavaScript, CSS, HTML"
Network Engineer,"Flask, Python, Networking, Django, JavaScript"
DevOps Engineer,"Django, HTML, Kubernetes, SQL, Python"
Machine Learning Engineer,"MySQL, Git, AWS, Linux, Kubernetes"
Front-End Developer,"Machine Learning, CSS, Kubernetes, Statistics, SQL"
Back-End Developer,"Git, SQL, Java, Statistics, C++"
Software Engineer,"Data Analysis, Docker, Java, HTML, AWS"
Data Scientist,"Flask, Docker, HTML, Statistics, CSS"
Web Developer,"HTML, Statistics, SQL, Networking, Machine Learning"
Database Administrator,"SQL, Django, C++, Flask, Statistics"
System Administrator,"Flask, SQL, Django, Statistics, AWS"
Network Engineer,"AWS, Flask, Machine Learning, Networking, HTML"
DevOps Engineer,"Data Analysis, Linux, MySQL, CSS, Python"
Machine Learning Engineer,"AWS, Kubernetes, CSS, HTML, Networking"
Front-End Developer,"Statistics, Kubernetes, AWS, CSS, Java"
Back-End Developer,"Java, Flask, Python, Git, AWS"
Software Engineer,"MySQL, React, Networking, Flask, Statistics"
Data Scientist,"Flask, JavaScript, CSS, AWS, Linux"
Web Developer,"C++, MySQL, React, Data Analysis, HTML"
Database Administrator,"AWS, CSS, SQL, Docker, Git"
System Administrator,"Machine Learning, C++, Java, Git, Linux"
Network Engineer,"Machine Learning, HTML, MySQL, Statistics, Linux"
DevOps Engineer,"Linux, HTML, Machine Learning, MySQL, SQL"
Machine Learning Engineer,"Git, AWS, Machine Learning, Flask, Data Analysis"
Front-End Developer,"MySQL, Kubernetes, AWS, C++, Linux"
Back-End Developer,"SQL, Linux, Django, AWS, Statistics"
